name,brand,category,subcategory,location,barcode,units_per_case
"Sparkling Rosé Wine","Cuvée Laurent","sparkling","Sparkling","","0874562000187","12"
"","","","","","0352410409677","12"
"3B Rosé 750ml","3B","rose_wine","Rosé","","","12"
"Coca Cola 2 liter (2 QT 3.6 FL OZ) 676.FL OZ","Coca-Cola","soft","Cola","","0049000050103","1"
"Rosé","Les Sarrins","rose_wine","Rosé","","","12"
"Chateau de Berne Romance Rosé Wine - 750ml Bottle","Chateau de Berne","rose_wine","Rosé","","0818252020475","12"
"Lemonade 76 oz","Simply","soft","Juice","","0025000136719","1"
"Banshee Pinot Noir Red Wine - 750ml Bottle","Banshee","red_wine","Cabernet Sauvignon","","0853868006024","12"
"Meiomi Rose, Blush Wine, 750 mL Bottle","Meiomi","rose_wine","Rosé","","0086003251052","12"
"LUXARDO Maraschino Empty Bottle 750 ml Bx-77-C","PYRAT RUM","spirits","Rum","","0086891026237","12"
"Rosé Unfiltered 750ml","3B","rose_wine","Rosé","","5600816160056","12"
"HAMPTON WATER ROSÉ","HAMPTON WATER","rose_wine","Rosé","","0812147021004","12"
"Cuvée Laurent Brut Blanc de Blancs","Maison Breban","sparkling","Sparkling","","0874562000132","12"
"Simply Limeade 1,53L","Simply Limeade","soft","Juice","","0025000040887","1"
"Whispering Angel Rose","","rose_wine","Rosé","","","12"
"Extra Dry Vermouth 750 ml","Dolin","spirits","Vermouth","","0086785810058","12"
"Reserva Exclusiva 750ml","Diplomatico","spirits","Rum","","5099873027301","12"
"","","","","","0025000040221","12"
"","","","","","0707425032035","1"
"Golden Cooking Wine","","other","","","0023545205501","1"
"Sauvignon Blanc Vintage 2022","Bogle Family Vineyards","white_wine","Sauvignon Blanc","","","12"
"White table wine 750ml","","white_wine","White Blend","","0747389000015","12"
"Maraschino Liqueur","Luxardo","spirits","Liqueur","","","12"
"Louis Roederer Roederer Brut Premier 750ml 25.36 fl oz","Louis Roederer","sparkling","Champagne","","0734599016059","12"
"Hudson Baby Bourbon Whiskey - 750ml Bottle","Hudson Whiskey","spirits","Bourbon","","0813715020931","12"
"Prosecco Extra Dry 750ml","","sparkling","Prosecco","","8006870011513","12"
"Extra Dry Vermouth 1 L","Cinzano","spirits","Vermouth","","","12"
"The Famous Grouse Blended Scotch Whisky - 750ml Bottle","The Famous Grouse","spirits","Scotch","","0812066020201","12"
"Langhe 2021","","white_wine","Red Blend","","0089744772350","12"
"Crème de Cassis De Dijon Blackcurrant Liqueur 750ml","Jules Theuriet","spirits","Liqueur","","","12"
"Scotch Whisky 25.36 fl oz","Johnnie Walker","spirits","Scotch","","0088110011307","12"
"SVEDKA Vanilla Flavored Vodka, 1 L Bottle, 70 Proof 1 L","SVEDKA","spirits","Vodka","","0617768123102","12"
"Orange liqueur","Grand Marnier","spirits","Liqueur","","0649188900476","12"
"Pol Roger Brut Reserve NV (750 ml)","","sparkling","Champagne","","0089744142450","12"
"Bordeaux Blanc 750ml","Les Carrelets","white_wine","White Blend","","0810029016636","12"
"Maraia Barbera del Monferrato 2021","Marchesi di Barolo","red_wine","Red Blend","","0089744759863","12"
"Franciacorta Brut 750ml","Faccoli","sparkling","Sparkling","","0602561436672","12"
"Les Sarrins Côtes de Provence Rosé","Les Sarrins","rose_wine","Rosé","","","12"
"Bordeaux Rouge 750ml","Les Carrelets","red_wine","Red Blend","","0810029016629","12"
"Bric Amel Langhe","Marchesi di Barolo","red_wine","Red Blend","","","12"
"2023 Cabernet Sauvignon Sonoma County","Banshee","red_wine","Cabernet Sauvignon","","0853868006345","12"
"Mosaïque Brut 750ml","Jacquart","sparkling","Champagne","","0657582000630","12"
"Kentucky Straight Rye Whiskey 750ml","(r)1","spirits","Rye","","","12"
"Marq De Caceres Rioja White 750ml","VINEYARD BRANDS INC","red_wine","Tempranillo","","0089419000559","12"
"Blended Irish whiskey (5 year)","","spirits","Irish Whiskey","","0736040545620","12"
"Terlato Vineyards Pinot Grigio 2023 (750ml)","Terlato Family","white_wine","Pinot Grigio","","0086891084657","12"
"Malibu Coconut Rum Flavored 1.0 L 33.81 fl oz","Malibu","spirits","Rum","","0089540448978","12"
"Sauvignon Blanc Marlborough 750ml","Loveblock","white_wine","Sauvignon Blanc","","0086891081489","12"
"Black Seal Rum 25.36 fl oz","","spirits","Rum","","0721094199059","12"
"Kilbeggan Single Grain Irish Whiskey - 750ml Bottle","Kilbeggan","spirits","Irish Whiskey","","0080686187240","12"
"Martini & Rossi Rosso Sweet Red Vermouth, 375 mL 12.70 fl oz","Martini & Rossi","spirits","Vermouth","","0011034410079","12"
"Vermouth","Martini & Rossi","spirits","Vermouth","","0011034420078","12"
"Sauvignon Blanc wine 25.36 fl oz","BOGLE","white_wine","Sauvignon Blanc","","0080887493942","12"
"Sonoma County Chardonnay","Bravium","white_wine","Chardonnay","","0859727005146","12"
"Blanco Tequila","Casamigos","spirits","Tequila","","0856724006114","12"
"White Label Blended Scotch Whisky","Dewar's","spirits","Scotch","","","12"
"Irish Whiskey 750ml","The Dead Rabbit","spirits","Irish Whiskey","","","12"
"Lillet Aperitif Blanc - 750ml Bottle 25.36 fl oz","Lillet","spirits","Aperitif","","0083664866281","12"
"Vermouth (Product of Greece)","Otto's Athens","spirits","Vermouth","","5291732000443","12"
"Campari","Campari","spirits","Aperitif","","0721059041003","12"
"Rittenhouse 100 proof Straight Rye Whisky - 750ml Bottle","Rittenhouse","spirits","Rye","","0096749702756","12"
"Clear vodka","","spirits","Vodka","","0080660424033","12"
"London Dry Gin 33.80 fl oz","TANQUERAY","spirits","Gin","","0088110110406","12"
"Champagne Nicolas Feuillatte Réserve Exclusive Brut 750 mL 25.36 fl oz","Nicolas Feuillatte","sparkling","Champagne","","0088586003899","12"
"Tequila","Altos Tequila","spirits","Tequila","","0080432106846","12"
"BARTON VODKA WNF 1L 80PF","BARTON","spirits","Vodka","","0080660472638","12"
"Cité De Carcassone","","white_wine","Chardonnay","","0873964001914","12"
"Black Label No.7 1.75 l","Jack Daniel's","spirits","Whiskey","","0082184090428","12"
"Lychee","London SOHO New York","spirits","Liqueur","","0080432316672","12"
"Josh Cellars Cabernet Sauvignon 2013","Josh cellars","red_wine","Cabernet Sauvignon","","0857744001318","12"
"Silver tequila","Patron","spirits","Tequila","","0721733000029","12"
"Michters Us 1 Small Batch Rye 750 Ml","Michter's","spirits","Rye","","0039383006507","12"
"Original Spiced Rum 1 L","Captain Morgan","spirits","Rum","","0087000002708","12"
"Maker's Mark Bourbon Whisky 1000ml","Maker's Mark","spirits","Bourbon","","https://api.drinksmart.com/00085246139424","12"
"Distilled London Dry Gin","BOMBAY","spirits","Gin","","0080480301019","12"
"Tequila Blanco","Don Julio","spirits","Tequila","","0674545000001","12"
"Oranje Orange Flavored Vodka 25.36 fl oz","Ketel One","spirits","Vodka","","0085156475001","12"
"Premium London Dry Gin","Crystal Palace","spirits","Gin","","","12"
"Riserva Speciale Ambrato Vermouth di Torino","Martini & Rossi","spirits","Vermouth","","","12"
"Vermouth de Chambéry Rouge","Dolin","spirits","Vermouth","","","12"
"Sancerre 2024","Domaine Vacheron","white_wine","Sauvignon Blanc","","","12"
"Extra Dry Vermouth","Boissiere","spirits","Vermouth","","","12"
"Bitter Liqueur 1L","Contratto","spirits","Liqueur","","8002007500004","12"
"Creme de Cacao Blanc 750ml","Giffard","spirits","Liqueur","","0852322824044","12"
"Sauvignon Blanc","Kim Crawford","white_wine","Sauvignon Blanc","","0689352009611","12"
"Vermouth di Torino Rosso","Martini & Rossi","spirits","Vermouth","","0011034006593","12"
"MR Black","Mr black","spirits","Liqueur","","0857932007009","12"
"Rum (product of the Dominican Republic)","Brugal","spirits","Rum","","0087236110000","12"
"Grapefruit Hibiscus Tequila","21 Seeds","spirits","Tequila","","0850003519098","12"
"Josh Cellars Chalk Hill P Noir Sonoma Cst","CHALK HILL","red_wine","Pinot Noir","","0016236000042","12"
"Green Spot Irish Whiskey 750ml","Green Spot","spirits","Irish Whiskey","","0080432105993","12"
"Dry Vermouth 750ml","Carpano","spirits","Vermouth","","","12"
"Tequila Agave Azul - Resposado","Casamigos","spirits","Tequila","","0856724006213","12"
"Gray Goose Le Melon Vodka - 750ml Bottle","Grey Goose","spirits","Vodka","","0080480004897","12"
"Pinot Noir","Meiomi","red_wine","Pinot Noir","","0855165005076","12"
"95 Rye Frontier Whiskey 750ml","Bulleit","spirits","Rye","","","12"
"Extra Dry Vermouth","Boissiere","spirits","Vermouth","","","12"
"Baileys 25.36 fl oz","Baileys","spirits","Liqueur","","0086767701763","12"
"Carolans Irish Cream Liqueur, 750 mL 25.36 fl oz","Carolans","spirits","Liqueur","","0721059517508","12"
"Aperol","","spirits","Aperitif","","0721059002387","6"
"Elderflower liqueur","ST-GERMAIN","spirits","Liqueur","","0080480004699","12"
"Cotes De Provence Rose","","rose_wine","Rosé","","0081753833916","12"
"Casamigos Anejo Tequila 750ml","CASAMIGOS","spirits","Tequila","","0856724006015","12"
"Pinot grigio","Santa Margherita","white_wine","Pinot Grigio","","0632987200205","12"
"Handmade Vodka","Tito’s","spirits","Vodka","","0619947000020","12"
"Bacardi Superior White Rum","Bacardi","spirits","Rum","","0080480015305","12"
"Blended Canadian Whiskey 25.40 fl oz","Crown Royal","spirits","Whiskey","","0087000007253","12"
"Veuve cliquot","VEUVE CLICQUOT","sparkling","Champagne","","0081753050207","12"
"Triple Sec Liqueur 1 L","","spirits","Liqueur","","0096749938407","12"
"Jameson Irish Whiskey Ireland Black Barrel 1L Bottle 25.36 fl oz","Jameson Irish Whiskey","spirits","Irish Whiskey","","0080432107263","12"
"Disaronno","Disaronno","spirits","Liqueur","","0050037014235","12"
"Paul Hobbs - CrossBarn Sonoma Coast Pinot Noir 2022 (750ml)","","red_wine","Pinot Noir","","0897941000271","12"
"Talisker 10 Year Old Single Malt Scotch Whisky, 750 mL (91.6 Proof)","Talisker","spirits","Scotch","","0088110170059","12"
"Oyster Bay Sauvignon Blanc 2013,","Oyster Bay","white_wine","Sauvignon Blanc","","0870661008024","12"
"Cloudy Bay Sauvignon Blanc White Wine- 750ml 25.36 fl oz","Cloudy Bay","white_wine","Sauvignon Blanc","","0081753809423","12"
"Scotch whisky liqueur","Drambuie","spirits","Scotch","","0080480302016","12"
"Allspice Dram 750ml","St. Elizabeth","spirits","Liqueur","","","12"
"Sancerre","Domaine Jean-Paul Balland","white_wine","Sauvignon Blanc","","","12"
"Sancerre 2024","Pierre Prieur & Fils","white_wine","Sauvignon Blanc","","","12"
"Aged 12 Years Blended Scotch Whisky","Dewar's","spirits","Scotch","","","12"
"French Ginger Liqueur 700 ml","Domaine de Canton","spirits","Liqueur","","","12"
"Barton Charcoal Filtered Vodka 1L 1 L","Barton","spirits","Vodka","","","12"
"Decadent Biscotti Chocolate Biscotti Liqueur 750ml","Faretti","spirits","Liqueur","","","12"
"Cup big wins","DCM S.P.A.","spirits","","","0721059987509","12"
"Kahlúa 1l","Kahlua","spirits","Liqueur","","0089540122700","12"
"Fernet-Branca","","spirits","Liqueur","","0898563002629","12"
"Johnnie Walker Red Label Blended Scotch Whisky, 750 mL (80 Proof)","Johnnie Walker","spirits","Scotch","","0088110021306","12"
"l'Unique","Cointreau","spirits","Liqueur","","0087236565008","12"
"L'Autentico","Galliano","spirits","Liqueur","","0083664870141","12"
"Glenmorangie Original 10 Years Old Single Malt Scotch Whisky 25.40 fl oz","Glenmorangie","spirits","Scotch","","0081753810818","12"
"Pastis 750 mL","Pernod","spirits","Aperitif","","","12"
"Prosecco Rosé","","sparkling","Prosecco","","https://qrco.de/bbs6lK","12"
"Evan Williams","Evan Williams","spirits","Bourbon","","0096749021246","12"
"Bourbon Whiskey","","spirits","Bourbon","","https://api.drinksmart.com/00080686001409","12"
"Blanco","El Tequileño","spirits","Tequila","","","12"
"Empress 1908 gin","Empress 1908","spirits","Gin","","0628451773108","12"
"Jim Beam Black extra aged bourbon","Jim Beam","spirits","Bourbon","","0080686034407","12"
"Reposado tequila","","spirits","Tequila","","0086003272002","12"
"Chivas Regal 12 Year Old Blended Scotch Whisky, 1.75 L","Chivas Regal","spirits","Scotch","","0080432400463","12"
"Mezcal Artesanal-Joven (100% Agave Espadín) 1 L","Rosaluna","spirits","Mezcal","","","12"
"Brunello di Montalcino","Il Poggione","red_wine","Sangiovese","","0086891076676","12"
"Cristalino Tequila Reposado 100% Agave Azul","Casamigos","spirits","Tequila","","0088076189041","12"
"Old No. 7 1 l","Jack Daniel's","spirits","Whiskey","","0082184090442","12"
"Bourbon Whiskey","WOODFORD RESERVE","spirits","Bourbon","","0081128001506","12"
"Grey goose original","Grey Goose","spirits","Vodka","","0080480280024","6"
"Beefeater London Dry Gin, 1L Bottle 33.80 fl oz","Beefeater","spirits","Gin","","0089540333489","12"
"Saiten Shochu","iichiko","spirits","Vodka","","","12"
"Tequila","Mi Campo","spirits","Tequila","","","12"
"Vodka","Ketel One","spirits","Vodka","","0085156610419","12"
"Prosecco Brut 750ml","Mionetto","sparkling","Prosecco","","https://qrco.de/becNqC","12"
"Bacardi Reserva Ocho 8 Year Old Rum, 750 mL","Bacardi","spirits","Rum","","0080480505400","12"
"Benchmark No 8 Rye Bourbon, 750 mL","BENCHMARK","spirits","Bourbon","","0088004020842","12"
"Aperitif de France","Lillet","spirits","Aperitif","","","12"
"TEQUILA BLANCO","ESPOLÒN","spirits","Tequila","","0721059707503","12"
"Ruinart Blanc de Blancs Brut NV (750ml)","RUINART","sparkling","Champagne","","0088076167223","6"
"vermouth 25.40 fl oz","Martini & Rossi","spirits","Vermouth","","0011034420054","12"
"Hendricks","Hendrick's","spirits","Gin","","0083664990436","12"
"Buchanan's DeLuxe Aged 12 Years Blended Scotch Whisky, 375 mL (80 Proof)","Buchanan's","spirits","Scotch","","0088110955335","12"
"Hugh M. Hefner Limited Edition Vodka 1.0L","Playboy","spirits","Vodka","","0083664871728","12"
"Southern Comfort Liqueur, 70 proof, 1 L","SOUTHERN COMFORT","spirits","Liqueur","","0088544018941","12"
"Hiram Walker USA Peppermint Schnapps 750ml Bottle 25.40 fl oz","Hiram Walker","spirits","Liqueur","","0089540125220","12"
"Golden Falernum","The Bitter Truth","spirits","Liqueur","","0810255020223","12"
"White wine (Product of Chile)","","white_wine","White Blend","","0088320152012","12"
"21 Seeds Valencia Orange Infused Blanco Tequila - 750ml Bottle","21 Seeds","spirits","Tequila","","0850003519012","12"
"Reposado 750ml","Cazadores","spirits","Tequila","","https://qr.cazadores.com/80480170028/1","12"
"Bogle Pinot Noir Wine, 750 mL","Bogle Vineyards","red_wine","Pinot Noir","","0080887496318","12"
"Monkey Shoulder Scotch Whisky, 750 mL","MONKEY SHOULDER","spirits","Scotch","","0083664872541","12"
"Amaro Siciliano","Averna","spirits","Aperitif","","","12"
"Casamigos","CASAMIGOS","spirits","Tequila","","0856724006329","12"
"Grey goose original 59.20 fl oz","Grey Goose","spirits","Vodka","","0080480280000","12"
"Vermouth de Chambéry Blanc","Dolin","spirits","Vermouth","","","12"
"Leroux Blackberry Brandy, 750 mL","Leroux","spirits","Brandy","","0080686092407","12"
"Cucumber Jalepaño Tequila","21 Seeds","spirits","Tequila","","0850003519005","12"
"Unidentified white wine","","white_wine","White Blend","","0080686967484","12"
"Extra Dry Vermouth 375ml","Martini & Rossi","spirits","Vermouth","","","12"
"Sancerre Sauvignon Blanc 750ml","Domaine de Saint-Pierre","white_wine","Sauvignon Blanc","","3760110940050","12"
"Skrewball Peanut Butter Whiskey (1 L)","Skrewball","spirits","Whiskey","","0860265002443","12"
"No.1 Cup 1L","Pimm's","spirits","Aperitif","","0088004143534","12"
"Grove 42","","spirits","","","0088076185838","12"
"Cuvée Laurent Brut Blanc de Blancs","Maison Breban","sparkling","Sparkling","","","12"
"Lugana Cromalgo 2020 750ml","Corte Sermana","white_wine","White Blend","","8056684020010","12"
"Riesling (North Fork of Long Island) 2022","Rose Hill Vineyards","white_wine","Riesling","","","12"
"Averna 0.7l","","spirits","Aperitif","","8000400203799","12"
"Ancho Reyes Licor De Chile Ancho 80","Ancho Reyes","spirits","Liqueur","","0083664873166","6"
"Blue Curaçao 750ml","Giffard","spirits","Liqueur","","0852322824037","12"
"Crème de Cassis de Dijon 750 ml","Gabriel Boudier","spirits","Liqueur","","","12"
"Blue Curaçao","","spirits","Liqueur","","0096749933419","12"
"Amaro Quintessentia 35% ABV","Nonino","spirits","Aperitif","","","12"
"2015 Pauillac 750ml","Château Grand-Puy-Lacoste","red_wine","Cabernet Sauvignon","","32770384069526","6"
"Chandon Brut Sparkling Wine - 750ml Bottle","Chandon","sparkling","Sparkling","","0085155000013","12"
"Blanco","Arette","spirits","Tequila","","0704228011212","12"
"Rosso 25.36 fl oz","Martini & Rossi","spirits","Vermouth","","0011034410055","12"
"New England Whiskey","Boston Harbor Distillery","spirits","Whiskey","","0851020006004","12"
"1776 Straight Bourbon 750ml","James E. Pepper","spirits","Bourbon","","0736211596093","12"
"Prosecco","LaMarca","sparkling","Prosecco","","0085000017739","12"
"Islay Single Math Scoth Whisky 750 mL","Laphroaig","spirits","Scotch","","0080686813019","12"
"Bric Amel Langhe","Marchesi di Barolo","white_wine","Red Blend","","","12"
"Brut 750ml","Barons de Rothschild","sparkling","Champagne","","0847716000180","12"
"Rosé (unknown producer)","","rose_wine","Rosé","","0893041000241","12"
"Platinum 750ml","Gran Patrón","spirits","Tequila","","","12"
"Frontier Bourbon (Kentucky Straight Bourbon) 750ml","Bulleit","spirits","Bourbon","","","12"
"Blanc 750ml","Lillet","spirits","Aperitif","","https://e-label.pernod-ricard.com/L00952","12"
"cream liqueur (unknown)","","spirits","Liqueur","","0793573762764","12"
"D.O.M. Liqueur","Bénédictine","spirits","Liqueur","","0080480555405","12"
"Bianco Vermouth 750ml","Cinzano","spirits","Vermouth","","0086785900032","12"
"1760 Père & Fils Brut","Lanson","sparkling","Champagne","","","12"
"Eclipse Heritage Blend Rum","Mount Gay","spirits","Rum","","0087236950033","12"
"Pinot Grigio Friuli Colli Orientali DOC 2021","","white_wine","Pinot Grigio","","8034097962158","12"
"Delle Venezie Pinot Grigio 750ml","La Vendemmia","white_wine","Pinot Grigio","","0652668000139","12"
"Chichicapa Mezcal","Los Vecinos","spirits","Mezcal","","0088004031060","12"
"Manta Sauvignon Blanc 750ml","Casa Julia Estate","white_wine","Sauvignon Blanc","","0837571003600","12"
"Antica Formula Vermouth 750ml","Carpano","spirits","Vermouth","","","6"
"Cabernet Sauvignon 2022 Napa Valley 750ml","Iconoclast","red_wine","Cabernet Sauvignon","","0086891080604","12"
"Aged 10 Years Kentucky Straight Bourbon Whiskey","Eagle Rare","spirits","Bourbon","","","12"
"Owney's Craft White Rum 70cl","Owney's","spirits","Rum","","0741459967772","12"
"Razberi Raspberry Flavored Premium Vodka","Stolichnaya","spirits","Vodka","","0083664871810","12"
"Aged Rum (Origin of St. Croix)","Cruzan","spirits","Rum","","","12"
"Red 2022 750 ml","La Peña de España","red_wine","Tempranillo","","0015643655739","12"
"Sparkling White Tea","Tost","soft","Juice","","0867760000103","12"
"Verdejo 2022 Rueda Night Harvest","Marqués de Cáceres","white_wine","Sauvignon Blanc","","","12"
"chambord blackraspberry liquor 25.40 fl oz","Chambord","spirits","Liqueur","","0083300034531","12"
"Yellow liqueur","Chartreuse","spirits","Liqueur","","0089744329561","12"
"Genepy 750ml","Dolin","spirits","Vermouth","","3274510003616","12"
"Chablis Côte de Bréchain 2023","Domaine Testut","white_wine","Chardonnay","","","12"
"Lichi Li (Lychee) Liqueur 750ml","Giffard","spirits","Liqueur","","0852322814106","12"
"Saveur d'autrefois 1 L","Suze","spirits","Aperitif","","","12"
"Termes Tinta de Toro 750 ml","Numanthia","red_wine","Tempranillo","","0817538141132","12"
"Sparkling Rosé Brut 750ml","Edmond Thery","sparkling","Sparkling","","3299641117520","12"
"Dry Vermouth de Chambéry","Dolin","spirits","Vermouth","","","12"
"Bric Amel Langhe","Marchesi di Barolo","red_wine","Red Blend","","","12"
"Marinade 24.5 oz","Goya","other","","","0041331030632","12"
"Blanc de Blancs Brut 750ml","Delacroix","sparkling","Sparkling","","0760000701115","12"
"Rosé (California) Vintage 2021","Meiomi","rose_wine","Rosé","","0086891089690","12"
"Rosé (still)","","rose_wine","Rosé","","3760072111246","12"
"Gentian Liqueur 1 L","Suze","spirits","Aperitif","","0080432237991","12"
"Bacardi - Select Rum 33.80 fl oz","Bacardi","spirits","Rum","","0080480055301","12"
"Islay Dry Gin","REMY MARTIN","spirits","Scotch","","0087236700362","12"
"Côtes de Provence Rosé","Monsieur Touton","rose_wine","Rosé","","0015643235245","12"
"Prosecco Extra Dry","La Vendemmia","sparkling","Prosecco","","0652668578065","12"
"Espadín mezcal (100% Agave Angustifolia, single estate)","","spirits","Mezcal","","0860002743622","12"
"Perrier Jouet Grand Brut Sparkling Wine, 750 mL 25.40 fl oz","Perrier Jouet","sparkling","Champagne","","0852832105053","12"
"Hennessy","HENNESSY","spirits","Cognac","","0088110150563","12"
"Bodegas Muga Reserva Rioja (750 ml)","Bodegas Muga","red_wine","Tempranillo","","0615503100104","6"
"Jameson Whiskey","Jameson Irish Whiskey","spirits","Irish Whiskey","","0080432500118","12"
"Don Julio Anejo EMPTY Bottle 1.75L Tequila","Don Julio","spirits","Tequila","","0674545000643","12"
"Plantation Original Pineapple Rum 750ml","PLANTATION","spirits","Rum","","0695521151852","12"
"Straight Rye Whiskey","Old Overholt","spirits","Rye","","","12"
"Amaretto liqueur 750ml","","spirits","Liqueur","","0039383008785","12"
"Limoncello (lemon liqueur)","Villa Marzia","spirits","Liqueur","","0088320136258","12"